{
    "loss": 18.949403762817383,
    "accuracy": 0.690077006816864
}