{
    "loss": 85.81038665771484,
    "accuracy": 0.690077006816864
}