{
    "loss": 1.0667502880096436,
    "accuracy": 0.8445854187011719
}