{
    "loss": 57.674739837646484,
    "accuracy": 0.3860444128513336
}